id,result
422,1709f60089245e2a79b9229fc478a6b9
688,8e83f4e639596f5af26061f3dae20ffa
940,8af1e866f46a9f199166f3e516c29547
1324,5c8a950061aa331153f4a172bbcbfd1b
53,e1170a74663007dbe22727190658c4a9
334,b6be377cdd7a194161c2b534c3378b52
1129,d0c7fd04e0431a3c45e6adf153101708
216,1709f60089245e2a79b9229fc478a6b9
1451,c4f409f1abb5dae84a548bb32e9d8d80
25,491e45395c7f92d33d1c1cf85651a473
23,dd65a82f208161d5eafff8788121a14b
1383,66ba7e4545bf3f53c8559b160cc8ee67
1304,453afdb309ef851da8d44b60c03a3a07
1238,03df3218413f768b2b898c6516fa273b
154,5c8a950061aa331153f4a172bbcbfd1b
734,83c6be21807f849f6843e21b9e2e2c50
785,1709f60089245e2a79b9229fc478a6b9
384,dc9dbcfa5c8e2c2a19658dc23c2c27ff
792,ac28e7cd4cdcfe0d2d49c4e87b29b81d
1157,03df3218413f768b2b898c6516fa273b
67,ae2d57b0c82259d7212147a79db51c1f
1373,d3395e15f605bc35ab1bac6341a285e2
72,5c8a950061aa331153f4a172bbcbfd1b
467,5c8a950061aa331153f4a172bbcbfd1b
736,1709f60089245e2a79b9229fc478a6b9
1236,03df3218413f768b2b898c6516fa273b
605,56c9a7f5c11d26fc1bbcb1bdfb00cfd2
205,1709f60089245e2a79b9229fc478a6b9
1153,4e89352e8dbacae8683115deb42c8eb4
712,b50459d7e0fb8e0b32a65a0607cb2b74
1354,dac112e3ae35e16dca9c262c051780e6
1149,191038e87983dea52d5a158b373c8af5
791,32cf04c1bd862d40950dde62187592c9
1459,17e46669f23126139fdede59c802df05
647,262d4db0f50c9727d10c7c4004e9e426
1196,8c9f081a88f539969f3dff99d6e05e36
1288,8f3efe23fbb17c2242c541d1d5ac61a3
780,1709f60089245e2a79b9229fc478a6b9
679,e8c195a5db58643162b7b76ecbbd347c
19,7a3ab8aec1f9d5064136e850d1ac2d6e
802,3e8ca2a3a424f5e81bb59f0f60fd7425
2,1709f60089245e2a79b9229fc478a6b9
928,c49a8a81f457d633aa4e2e41e792ef8b
450,f87bb8693cf62eb969d3a5e4f2051eca
961,2ef69d09f36d33c73181c7af06969260
262,1709f60089245e2a79b9229fc478a6b9
810,fef8037c55eb2e675e22ba04f80802d7
1006,ec1a2169c8b7392bd25a806666e863dd
569,a90d643c1e771a6fc2fee24b77490f56
613,385530af71a9e96a3d42ab5391089171
397,dc3c6c6cc9c55e4f1da8fa5af94f2e92
1358,bcaa51afb4a206036f086c0b539ee09e
971,ea15e5e0b2ca39252a110cc16bc1ea3e
247,b635c2b7f33d6dd12992aa5b2a55cd12
57,a5c446c5b177b0a3e44bef25230bfae4
295,5c8a950061aa331153f4a172bbcbfd1b
813,6150ea706a8eb6c7909ccffc572a842a
343,14e82dad10f30e4ee58ed7de2ad128ac
440,1709f60089245e2a79b9229fc478a6b9
749,56128d2c4d97d603d0661dc76dd9c254
1434,1709f60089245e2a79b9229fc478a6b9
1072,dea73bc8e0ae49f3d4c8cba623460835
122,213c39621d353c182866c5b96a2fa85c
977,e27a07997d83b9190fb90d7d61446ba1
1433,1709f60089245e2a79b9229fc478a6b9
184,5c8a950061aa331153f4a172bbcbfd1b
1184,9aea65334cc68feee0ff699dc3075716
255,8c9f081a88f539969f3dff99d6e05e36
1528,195aeff5a4e37ceb8433b0026f92ebf3
62,f633bfec711098b757e93a20047113b7
213,6457c56b05950a5ec8d3e2f92a9a97b5
652,a608ce2127ef5bd18da29fa4705f7959
1444,4b6d115f854b1e40ecc44a006a059d43
520,0c19172d4a32365d0680ae08b45f78c9
1341,e37f7d702a1895d3567b871bb6fadfa3
974,c3de12781c8d00990e73963ed18947bd
287,5c8a950061aa331153f4a172bbcbfd1b
142,1709f60089245e2a79b9229fc478a6b9
1060,fdc5ab60a3256bc8b22b3a58eae29eb2
491,d2e97f4f9893fccf31fe757c1f228716
249,1709f60089245e2a79b9229fc478a6b9
145,f6fd531eb68e845c1c8f9871f9b743c6
556,27805984e7ef9c76928723159bff2dd6
841,9dddd015d6a35cb762d9aeaf5db68bf8
256,5c8a950061aa331153f4a172bbcbfd1b
672,5c1604c6b764a75887b7e1698a7fe58a
1191,8c9f081a88f539969f3dff99d6e05e36
973,9b6c596f892f8baa30890ba784057df7
1335,25ec021a9e122dd33e0153edbb9c937a
139,5c8a950061aa331153f4a172bbcbfd1b
784,067e40978d3bb730406c20d1784a5586
1111,1709f60089245e2a79b9229fc478a6b9
499,5c8a950061aa331153f4a172bbcbfd1b
226,4d043a673137cae57afb743041043820
1393,1709f60089245e2a79b9229fc478a6b9
1183,1f00daa06b97eaf9595feaed847c3f95
822,24643ed111343ec4c9d295d15846f1bd
746,d8880f30930350efe1b28de10ad41283
293,5c8a950061aa331153f4a172bbcbfd1b
859,5f8f088d21c76ec39c7219f04ff911b6
479,5c8a950061aa331153f4a172bbcbfd1b
225,1709f60089245e2a79b9229fc478a6b9
458,13be6d7d80cc0afeaaed4566841d278a
1329,6953dc460c24da82664b8a4a0745bc21
858,3e3ed4cdfc09b8635e15d16cfc3410b8
991,a46c2caa98b47d58ec2383ea4a0f318a
1015,1709f60089245e2a79b9229fc478a6b9
163,1709f60089245e2a79b9229fc478a6b9
407,1709f60089245e2a79b9229fc478a6b9
185,8c9f081a88f539969f3dff99d6e05e36
1519,58e78e1b34eb49a68c65b54815d1b158
148,e5d748bc81285358fa4601ca11855667
803,e94bdd54d598ecfc38af6d07990513f5
15,db9042b3628c351145a0e77d35b0e946
358,3e663661da3f77f62553493f72e00dc1
387,3dca834dcf9eb87c2a92a1cb50f0315c
1211,5c862e91712dc4a4465dd1da405b622c
1254,5c8a950061aa331153f4a172bbcbfd1b
1489,8c9f081a88f539969f3dff99d6e05e36
913,e547336980f8430c3a4fe3262461fe30
1266,1709f60089245e2a79b9229fc478a6b9
91,1b7d0c2eba382e01f11a6b5cee53d254
1418,d343c8d453183b2e99ba53cea058ac76
621,05ae3ec3ad81e3d2f10c650445fcec1a
1402,07772675b24239472d8403cbacbb41d5
425,646880c5a13aa3791b75ad0bb7508a09
703,58e78e1b34eb49a68c65b54815d1b158
503,ddadde18d8dc286b424292b032a09e11
388,03f5aefb0f6358b1f1747e07469396cc
548,b0a78062c0a29762d18c5fde75e2e5e8
1389,85d6c7118a609a25670d7737c5cbbbe3
254,1e40a69c77585cd4c4a925350690e776
1229,e66e1bef90a1ad56b99db8488f26ad7e
124,a214f02a87070ae41c96a07d92b2c1e5
630,62abc3a2edcefbaf71a981f7036cf14f
1472,1709f60089245e2a79b9229fc478a6b9
456,3f2a5d1d6cad56a0320518be51b06068
244,d4785ff4aad4d99c994302971f4c4819
554,d139d143c562f90d27ef72bb28ec2668
1377,5c8a950061aa331153f4a172bbcbfd1b
842,b86897db7f7e2d5be03c99277969f6bf
1249,d59fa20764003dc0809e12c33db6638f
861,1709f60089245e2a79b9229fc478a6b9
1497,1709f60089245e2a79b9229fc478a6b9
1022,bd4d52f54560ad0f7782ec287a10f07d
307,5ee90e6dda8efdc241e78c954e6a1c47
13,4c6e3fe5e181b9edd13a2449895dcbaf
839,d71a68ea0b0ed686077245175fe3cc1a
970,13ded82b491d6c1d05f7aae1d66891f9
985,3113582433b26393faf7059d4f3b248a
278,5c8a950061aa331153f4a172bbcbfd1b
949,735aaf835343eb95e1f02fd6076411ae
650,1709f60089245e2a79b9229fc478a6b9
685,1709f60089245e2a79b9229fc478a6b9
68,11fc7952a2d54de6149c2d5eb13551ab
709,5cd9541ea58b401f115b751e79eabbff
501,a9fe682e5279e6879c8a358eafb4d109
49,d0bba7d51adbeec55a22321574e18c27
34,94e718533a61172253b1f241dff96d9e
831,20e4a336e0095de7d20f00c9887519f3
1364,300925464e803ff25db6aa3271712e7f
176,35349122439216e812dd800f048a076a
439,d7a298be899936d4cd461c4e11604a44
646,48bd9c0444acf5ae4963e379b96f4b3b
1367,07e4f3d3728a9660f68a59149e88ad64
722,532d8fd76fb13d119b9b30f3b576a87f
863,21292ecb1d6abdf990671e60340fd595
804,5c42f9506ee7c2cd7abe19c4174a9c8f
435,f4f61acdda6c05cd63edc2fa35855f5f
1023,5c8a950061aa331153f4a172bbcbfd1b
728,29a9bc5f85752562afaf0713ac96d934
598,324958e11c7497f842159897ad39a233
169,35349122439216e812dd800f048a076a
1380,8c9f081a88f539969f3dff99d6e05e36
373,059f98066b040b3db6fd4f6d782e0ef9
220,b6be377cdd7a194161c2b534c3378b52
79,1709f60089245e2a79b9229fc478a6b9
1337,abd81ec6bcfb1cc568ffb4169092cacf
1387,de57280bd9aaf476a036232d7eb8b977
745,1709f60089245e2a79b9229fc478a6b9
224,476123d14626cadf216ab933e06d187d
239,5c8a950061aa331153f4a172bbcbfd1b
1297,49bc8a991a3dfe332e0aad485c6e97dd
607,3b0435c7e39e411449974aa12d9ab635
967,56d8ebb08fa07a182425b8c98c05aed4
383,5c8a950061aa331153f4a172bbcbfd1b
327,f472e3e82f49b16fc965446e576d196f
1327,1709f60089245e2a79b9229fc478a6b9
38,2bfef7282dea59ecc0a9686bc2fb4493
284,1709f60089245e2a79b9229fc478a6b9
1168,f5e2104cd8d8a844b1299c4160940bfa
597,e9e0ac12a38f591e93f20303313b3b98
1446,d9fab76fe68c1004739c662e466a57fd
1172,5c8a950061aa331153f4a172bbcbfd1b
826,d8bfa135880fc3ed74dfe40f63eac656
1506,1709f60089245e2a79b9229fc478a6b9
1033,f0aa51899335f7de560d96adbc3fb41c
486,f1383f5cdff96fc30d89e4cd239dd64d
1301,1ac24933ed9a4e1ca446bc5b467e22d1
626,492eab18a11320e79a3357d394ad6861
1523,56dde7dba8b21ab3cbdfe2cb37bc9110
774,b0bfb9b1e7883c4d0471e0574d6fd415
302,bf9e78b8a482fefc36915528fba25f48
37,5d950730e50a53ff58883d7eddf4fc80
418,adbfce5a236b6e1ce413e2730948d4ad
617,b14347066f43f54eeccd404fbc730164
699,f294f82da74b072debc7d9590cee5373
427,0091d5adb6e12d45e60d8a14229b8cd5
1292,5af6e6a41c2e5f8341a13e63c0da6f37
1225,7ea05b779cbeb92ade6d1395a0857456
1194,30e44ff941d1b0efa444231959bb14b6
1525,946c307bea3a7d10be5550d2614a1bda
518,1709f60089245e2a79b9229fc478a6b9
1456,78207da231cc09b9861171ce26bda681
941,715f1d3cf514270a10f21d6f73969d1a
1397,8c9f081a88f539969f3dff99d6e05e36
561,11a1e1f18c6678fe0dc08110b661070b
484,91074ef10f4bee48b46e62d2c0b4d7fd
1407,1709f60089245e2a79b9229fc478a6b9
1483,37790a7c4b397d8e7dd9336f35c940e0
459,b20fe3ac31c7de5dbfc03dce43ecd650
395,aba9cdc96c49f4e4e8eba1b557fcd037
1161,15fee1ebe1f2f9931224d76cec3303bd
463,d10eaeeafe1c1e822c7391798dc101f4
1465,1709f60089245e2a79b9229fc478a6b9
719,25e1ebcde9103c3c679e4253f90a09e3
661,de853adac249aa2c1544d552b9b437e6
500,441c300753e5e8a8c7b614e94aeb5d70
948,cae8ed950282354702a72de2e43b6154
41,1709f60089245e2a79b9229fc478a6b9
1280,5c8a950061aa331153f4a172bbcbfd1b
1150,5c8a950061aa331153f4a172bbcbfd1b
1517,4b922db7986ca416f0426ecfa7274163
933,58e78e1b34eb49a68c65b54815d1b158
1176,1709f60089245e2a79b9229fc478a6b9
1331,9960d0ca06b6292b6dd999c157ed469a
1376,1709f60089245e2a79b9229fc478a6b9
1289,5c8a950061aa331153f4a172bbcbfd1b
478,35d718f0a71d96a1ccd3566e667e6d2b
1221,e27c05e66b58deab395d71dc921f84d0
1115,1709f60089245e2a79b9229fc478a6b9
966,8af1e866f46a9f199166f3e516c29547
1091,37400467642a46fe8d49f92c61a9caac
1371,980a5af7fc0c213c997259ec4b84648c
705,200d013f045aaa0b941b895015f5a7a7
236,900d1780592eaa454ba8912599b8b7af
152,99ee3ceaebd02003ddfad8063786d8c9
1319,57f0c04a84cb09dade5b2a758e801d2a
657,66290f1d2c928f54a9e7f100c71402aa
558,c0a8a20f903a4915b94db8de3ea63195
437,07f24fa590ebdf53375ae8e3a68d992d
420,aba9cdc96c49f4e4e8eba1b557fcd037
177,a982375129ef4ebe3d2a21a2f5096705
352,c58d18525ccadbc0643fca98b952e343
102,f066847fc18681fe54b04609e22f68aa
1507,f58a1f9eb77fb39d7acfb22d19ace109
922,1709f60089245e2a79b9229fc478a6b9
976,fe57d6691266bfc20c721eac350aef9c
153,517c6834275f1aa7cd8be9d33eca6516
18,5c8a950061aa331153f4a172bbcbfd1b
1282,8f36ca2e7a6abea6caa834634cf101b7
1356,ff7732cc15ec5c72d50c87eb50363c1d
629,c5a05f55fdbaf6b8abe4f53c49c833d4
329,1709f60089245e2a79b9229fc478a6b9
898,16bd1594ce8a259201e50d766ecabae8
1488,fa3e09cad471c343dccff51e80ecc27e
319,c0a8a20f903a4915b94db8de3ea63195
404,0d9c68589d37b30fd71c53b7dec477ff
993,5ec1b9b4365d0ea6ed6d5ed3f5506630
1338,85d6c7118a609a25670d7737c5cbbbe3
146,b975f53a8b21bfa928211a4e4036f563
1441,5c8a950061aa331153f4a172bbcbfd1b
942,c0a8a20f903a4915b94db8de3ea63195
821,1431f1e936c0eff69b2b3df44cfefcd1
964,de97012ab2219a65b253e16b5392df33
1458,8c9f081a88f539969f3dff99d6e05e36
1307,1709f60089245e2a79b9229fc478a6b9
584,7f5d85928981b982e496183b4338e869
1296,d1758b0275de09e75ceae54a57f2b7b7
950,4406fdf823fe1580254defb199403be6
625,e1757a5f382174989119fb75f8a911ca
887,0008f6371713a8ab9ae27aaa29772da4
601,e411da69c47733b24100493755fd74c9
692,6160e4ed9f7e0982d486905e72a997d7
211,a26f1d99566002836e187f914d089bc8
1192,03df3218413f768b2b898c6516fa273b
541,b3eccb8e36e678daa0639c86426165d3
855,a8df3781fd6b2df0c6aeaeda917e9f10
1197,6bece10f3ffac8444455cc58d05b6752
812,369225d026d89f7631a41856c8a4a8f5
17,8c9f081a88f539969f3dff99d6e05e36
10,33e43dbd71bb5460c9f3433a1ce12506
717,81e5c5a0a88b2e10d06e6dc071d9298e
363,5c8a950061aa331153f4a172bbcbfd1b
357,e36563ff92c1e9c058ff05bfa346609c
1141,672bfc9feaa1f8140853617a8c56bf4d
111,262d4db0f50c9727d10c7c4004e9e426
1128,aea6b23887f8ef51ba41f7efc6af7dcf
330,5c8a950061aa331153f4a172bbcbfd1b
680,6026995bac302e2fbfb198480c2701af
575,358f218628f85a6e140f931940502f47
886,8a61787b729a647455ff9a2fe0afd61f
799,d3395e15f605bc35ab1bac6341a285e2
522,5e53b41ae12a0d1b1b4e126facfcc922
188,b8c709b92e5aaf8f649e368854ea069a
758,e28e58ba8299a72387eaf05869090cda
3,bb70e4336f180c53812003733c34e6fd
893,ff7601554cd3404f3d90ece37f43abef
1081,3e9ec210da210f7c7182d50bc2b3bcf2
208,1709f60089245e2a79b9229fc478a6b9
480,cfb18b42f0718fe08ff2c3f5d1b9c2f7
1186,980a5af7fc0c213c997259ec4b84648c
54,c9e24c21723676e027a0ad110fab8c61
400,8bc44c659739aa8024c58757e0c95899
608,1709f60089245e2a79b9229fc478a6b9
1405,926e0bf178b58c9bb469dba9d54f3482
181,1709f60089245e2a79b9229fc478a6b9
614,4d043a673137cae57afb743041043820
1469,b9a153215fb4ac7ab9eebb47f9dec8ae
682,b14347066f43f54eeccd404fbc730164
87,5c6a96cc087c4f237709dacb554de203
1127,aea6b23887f8ef51ba41f7efc6af7dcf
444,dc9dbcfa5c8e2c2a19658dc23c2c27ff
1352,58e78e1b34eb49a68c65b54815d1b158
1140,6e35cbe55fcdd04e8c5c5b4824112ea5
585,cd300bb964f3a0e1511f59904edab5a4
735,5c8a950061aa331153f4a172bbcbfd1b
1332,8c9f081a88f539969f3dff99d6e05e36
1322,5c8a950061aa331153f4a172bbcbfd1b
238,5c8a950061aa331153f4a172bbcbfd1b
593,d3395e15f605bc35ab1bac6341a285e2
193,a948b5b5f763044c0b2ea30d49519c4f
726,6457c56b05950a5ec8d3e2f92a9a97b5
681,b14347066f43f54eeccd404fbc730164
113,57c050810973077a918f57d455c5deee
744,d6a62a5394c12d2aee282584cfb837b0
918,c49a8a81f457d633aa4e2e41e792ef8b
1142,5c8a950061aa331153f4a172bbcbfd1b
536,1926f1bb361eeb947067de8cfa221a83
995,924e1c3ea65e537c9ec3bc0c34503a23
853,761e90dc9aef0b8cbab9a8ccd786de38
667,749fae5e9de9fdbc2a319a12f7e0cb56
347,c6e6513c846452aac9644ff11ff2b581
1453,6d497483576f8d3ed0fd53527e010155
1201,8c9f081a88f539969f3dff99d6e05e36
533,69d5f49c2fbf737a24138dd4dbe47e9a
1228,03df3218413f768b2b898c6516fa273b
618,cf58b5feb9189618fa216bbb435d2223
1345,bb5361e9e63bc408906ec838d1817eb3
612,d3b1ec6155d983289d647314bc151363
356,5c8a950061aa331153f4a172bbcbfd1b
30,394704dfdca09802e0a491ef926022eb
324,5c8a950061aa331153f4a172bbcbfd1b
1234,4dae682883a7cb04c22f8186481aad47
1481,545dd79d073628f9c3512481853db3b1
1298,6be86f3ec6b016d3b35e9dc537d393b0
277,930de87b6d1ae9ec2537fef8d1b05e6d
1439,1709f60089245e2a79b9229fc478a6b9
28,02812ef218f10996af11d54d5668867e
636,5c8a950061aa331153f4a172bbcbfd1b
1068,50a69ec763d5dd63d35be5ce23f1a0ac
1392,2491d102d0473414da40c581de62b4aa
1395,aba9cdc96c49f4e4e8eba1b557fcd037
658,adcfa2983ac291785ea042b09daf2dee
623,5c8a950061aa331153f4a172bbcbfd1b
201,8c9f081a88f539969f3dff99d6e05e36
1175,71ae357c25575bc7ce07caf0a263d1f6
250,1709f60089245e2a79b9229fc478a6b9
1125,d24965fbb9e2133c819e2fa7fe34c4b9
1206,d9286183c7e83d3bcb3c317ef146490c
564,f6f718b1733330363e14c058fb1c2a83
1107,510c5b7c90d70c43d6fefa71d11456ed
1320,11d731065828954f53cb754c8f88f8e0
1240,d990c895d4fabd4ffbe52e8240ff2f9b
519,2bcaf387c17f126041af906f1914212d
286,5c8a950061aa331153f4a172bbcbfd1b
1466,a616351f7c7aca369f7f883f35e21f8c
1160,8c9f081a88f539969f3dff99d6e05e36
1502,d148ca3c5c13cbda7011f8ef7ad6fdcf
155,5c8a950061aa331153f4a172bbcbfd1b
33,2d112dabe6bdbdd3cccd524efac27cce
857,1709f60089245e2a79b9229fc478a6b9
783,3adb3d4c60311f6965c0e74370c860a3
677,b14347066f43f54eeccd404fbc730164
1204,a4c679c2af720915a426c6580f10ffa9
576,97692151a35df8b9c4a11d7cd3a548a5
982,ce9a05dd6ec76c6a6d171b0c055f3127
1169,8c9f081a88f539969f3dff99d6e05e36
1518,56dde7dba8b21ab3cbdfe2cb37bc9110
996,3435d35c1090cc692a19b123b104fe40
166,d0108875ff6c9393709b5c517bac5802
382,a8a06740d7209c59a65b24eda313b0b8
270,882b08ecc428b0eb91022a7b348256b1
582,523bac3488f3174be09261feff26bfca
150,5c8a950061aa331153f4a172bbcbfd1b
1162,5cd9541ea58b401f115b751e79eabbff
282,63eaf620ffa930fdd69f5a8d2e4cdf7e
856,1b96c6bedfde85f4d4bd47de3cbe0e49
390,c2fa166179267ac37f1c899a2d4f8315
521,7c2f7ff80d770db75518ea3860b42cd0
917,88d2a4cfda5b5c9e64b5c4cf90161f4c
1482,2e17fd2ac7387af9e7f39085369fe64b
656,3da78d4628f68bbe3e88e74b6a2708db
903,d3395e15f605bc35ab1bac6341a285e2
289,1709f60089245e2a79b9229fc478a6b9
587,1709f60089245e2a79b9229fc478a6b9
660,0b140ab1b6cff79a3dc006bff92bb551
399,a1c4abecd080dde84eb8a93517c60f87
1516,545dd79d073628f9c3512481853db3b1
1509,5c8a950061aa331153f4a172bbcbfd1b
297,1709f60089245e2a79b9229fc478a6b9
781,f7ed8694cc5e6afd7e5a21acef7910c4
1252,343268d5eaa60b940de868a176a8c2fe
686,d1a78655834084feae4a205ec3b1b216
560,3702cb0bc8f46e0008abd67fde748ccd
1303,8d99ae9cbb239b513cc4f0fc65974259
684,f098b932baf3772a326a141d96b9f4b2
405,5c8a950061aa331153f4a172bbcbfd1b
202,5c8a950061aa331153f4a172bbcbfd1b
516,5c8a950061aa331153f4a172bbcbfd1b
897,dc913a0bc00c5ed51c545490353c0514
1179,b0e40ee8f4e99d574eb0ae3f823740ea
342,39b29e462dd360cab301c8460fbcc62f
1368,9408cd27172b81745e125087acb20a8d
637,e05db3bbed03966c018849e1742b91fd
581,1709f60089245e2a79b9229fc478a6b9
1098,e5a9600aa5d92749f2530089dea3a6bc
523,fcda64b6df636aa20c7d912ac2880ec5
60,1709f60089245e2a79b9229fc478a6b9
506,300b0002f0c644bca3f0a1a37436d925
572,9bb6571c637e708b6b8bf6dcd9f275ef
761,6457c56b05950a5ec8d3e2f92a9a97b5
954,2ee2ff93ed21ba66dd078129fe5f6d59
502,1709f60089245e2a79b9229fc478a6b9
610,5753bcc406b04a823dc664f7d3167ca0
1028,da113e8ad27897f7aac08e1b18b33e89
39,6527aab23126d4102162d62a8e7e8a57
129,1709f60089245e2a79b9229fc478a6b9
1064,1709f60089245e2a79b9229fc478a6b9
1000,837d06e33ae741a4b151816a77b96fac
1165,b48a8e2e37855aad7fa21346ab8bd8bb
871,1709f60089245e2a79b9229fc478a6b9
1253,1f00daa06b97eaf9595feaed847c3f95
316,907dd36a50ff05bcca5efb82be5b6f72
1103,1709f60089245e2a79b9229fc478a6b9
1278,5c8a950061aa331153f4a172bbcbfd1b
764,81e5c5a0a88b2e10d06e6dc071d9298e
900,a27ace02fc26f257bc03cbe19f6b9c84
219,8c9f081a88f539969f3dff99d6e05e36
157,5c8a950061aa331153f4a172bbcbfd1b
1174,231a9c9656d9ac0394e1734120f01baa
110,14eeb80b9676e3d9768f38e2d33c5243
234,5c8a950061aa331153f4a172bbcbfd1b
1031,980ae21271db973732a454fcaf0c281d
325,5c8a950061aa331153f4a172bbcbfd1b
1445,1709f60089245e2a79b9229fc478a6b9
539,ea1fa36eb048f89cc9b6b045a2a731d2
348,f4b283388b4af9ecda8d4a8141f3d7dd
1055,3eb5cd8b58feccbe40021b10c760f55a
638,5e6d08d50a4f0614d7cee7f182468924
1391,b35659af0d70665a8cd03437fce67da0
338,1709f60089245e2a79b9229fc478a6b9
943,4d043a673137cae57afb743041043820
1088,b3b1a782272a5c2a01710dee5c7864ab
1124,868b3a59e9b45809a1f51670020938b1
1048,1f355e5e14b90acebe9b8dac070118f7
1394,c0a8a20f903a4915b94db8de3ea63195
455,771d7af36246561364fbd3b09faee4b8
326,1709f60089245e2a79b9229fc478a6b9
386,578387dda8c0e81544761d0894589c1a
883,235c144fde8860085e550228dc95c8c9
313,5c8a950061aa331153f4a172bbcbfd1b
994,addeddb979a7fe0792cfc1ad1e1e7e62
1462,926e0bf178b58c9bb469dba9d54f3482
570,6f92a8db3d8aae1b4dc9d17698437479
285,acc9dd80d9b64d2872fd420a10e278f2
794,690912492b556729595e5ac751692245
305,1709f60089245e2a79b9229fc478a6b9
362,81fee88487d3570c009b660a43a24cc5
127,f6aed83590fbb089cbc5ed6daa69b276
755,26621ca9cdcda3226da1451b4e48bc2f
702,e628ff2aff8f327cd2a7c7436a9f8e1c
1138,05c333ebb8f3b15dea6daa13997e0296
1025,76426081f5572759ef6843efa90a2d6f
586,c7fa0b165d651c3e9a008b0ca7829c95
266,5c8a950061aa331153f4a172bbcbfd1b
1080,5c8a950061aa331153f4a172bbcbfd1b
675,000d1e36243ad422488f838dcef1c3fb
1273,5c8a950061aa331153f4a172bbcbfd1b
864,6234f530ffb77cc79e4130d405077fe2
930,4927678ef4c1c2da21f7ec4a6b1cf9e2
817,9c9b946304b8280bfe1020783db14d13
1112,1709f60089245e2a79b9229fc478a6b9
1505,1e9eef22eca3c7724d48d6e38ce21d9d
1082,3964c4adb16d728e2161b790f363dd2d
198,4de1d4cb502bf70be86ca1b710131d51
359,05199a2cf7292dcd4151bccb0c7dc325
938,610e32e125f913a25fe24efc28869739
1177,34738b61c80665c7189f3310719d6615
878,99637e18822e1d3e15f206b3671b32a8
674,d139d143c562f90d27ef72bb28ec2668
513,efd305558fe8aa8753901cc88a16971a
190,5c8a950061aa331153f4a172bbcbfd1b
318,24e293a550b366d4459a7ab116e4d24d
377,d3395e15f605bc35ab1bac6341a285e2
512,0e6f7bf0f30c2492e08281edae06bac3
579,519bd8764949629eb3e338024d6b0706
268,acc9dd80d9b64d2872fd420a10e278f2
1493,8c9f081a88f539969f3dff99d6e05e36
412,dc9dbcfa5c8e2c2a19658dc23c2c27ff
1067,06b9e7f7d12e874b40bc0958d5f96162
490,275d9ec875667a30950d2ed4db3c3dd3
1004,7581b14f3f71b10b44b02fec73045d99
1295,5c8a950061aa331153f4a172bbcbfd1b
738,c2baba4328a761e530ccb38bebb7a91d
574,57f4b214965fb66846e66104068d3864
1222,5c8a950061aa331153f4a172bbcbfd1b
555,c56e7bae3484c9b6750417fbf89d6509
550,1709f60089245e2a79b9229fc478a6b9
75,813872dccef4b22b933335ce55d1ca44
1116,7c12cb13632ad69bfca45a953e646782
304,1709f60089245e2a79b9229fc478a6b9
743,ac9e835e098397465e97e63303f92a8d
1106,1709f60089245e2a79b9229fc478a6b9
1430,1709f60089245e2a79b9229fc478a6b9
241,0de6132873ea62e9b775a076ade000a8
912,45bf7e588a320b64b88570bb0e251186
945,5c8a950061aa331153f4a172bbcbfd1b
932,cf910d2b56bad4cc7f22049d1e76e668
809,83c6be21807f849f6843e21b9e2e2c50
438,1709f60089245e2a79b9229fc478a6b9
655,0436a44f156981e0c2ae2a29617aa135
1020,a2e75cf67c1c18d64449245fff9b0926
1264,112cb8aa0d4c27fc8314929b299fdaca
763,d9e60bad6cef0e40ffe6d0b4917349e4
1181,b0071f55f683c36d8f7b9065b4543e2b
36,8d02855eb6c3339db2dee007704e3b21
756,9f9331daea48818fbc63d643d086e50e
1245,c6f539d27a9e64d42cc396b3074cffad
1365,ce66682afff41b4bb905e07090a96a74
1120,39ae0e482f8a552c81a7ffdb8d989fbe
432,833cc892c863a720fda619d999ec7c39
742,58e78e1b34eb49a68c65b54815d1b158
1432,4d043a673137cae57afb743041043820
834,2e35143d4dd1ed4cf983d93bae615cff
1079,3d506c404a726d6b382226bd737ffd0c
417,e0498367b59841f6c92193f5b9d6ecd7
1119,76c90530ca382da6e44be761f8a40d1a
93,5c8a950061aa331153f4a172bbcbfd1b
838,ebded74ffd84cf0aab7eb6a580250dbf
1350,1709f60089245e2a79b9229fc478a6b9
1309,d72b763be6b451b78f61844eedd4628f
212,1844fa9e061c53a89fa39b0d7748c332
134,34a968f4b8fcf5d6db996d5a4d8b7e41
553,e1757a5f382174989119fb75f8a911ca
1366,775bba71b0227f1ee45d3ea192308cd7
222,9617c48f86e315c38f05ee7fc89d9d54
870,6a06f093e8a283932f1a96dfc9c36ef7
1010,9b6c596f892f8baa30890ba784057df7
899,177ffead04faf1f45e116dda1fb7503a
1299,c0a8a20f903a4915b94db8de3ea63195
14,917fbb2d2a500e73ddbb24308020a165
136,5c8a950061aa331153f4a172bbcbfd1b
5,5c8a950061aa331153f4a172bbcbfd1b
1438,483df66b81f0115394d3822d3f7f26c9
365,7460218f8c198d5541bc2518db98f76e
1084,5c8a950061aa331153f4a172bbcbfd1b
221,a7307653d8f43a990ba89e6064d57806
228,5c8a950061aa331153f4a172bbcbfd1b
162,b357490d93258827d2fe0580b3dd2d41
1305,d9d179267bc6cee4c66d98a6e1a826e6
210,1709f60089245e2a79b9229fc478a6b9
171,262d4db0f50c9727d10c7c4004e9e426
1049,7a1e6bd44f3aed8ea72ab8c6ffc280cc
1195,8c9f081a88f539969f3dff99d6e05e36
1226,1709f60089245e2a79b9229fc478a6b9
1384,c0a8a20f903a4915b94db8de3ea63195
796,edce8838d069cab205fcced697933154
1001,1709f60089245e2a79b9229fc478a6b9
1131,243a52a15d4d92b57f8efb3d998c1c16
1499,fb3d142763faf1a9c3b61fa2161edc3b
346,03616591989b701694da6e2b0ba18ccc
314,5c8a950061aa331153f4a172bbcbfd1b
1136,bd4d52f54560ad0f7782ec287a10f07d
29,394704dfdca09802e0a491ef926022eb
517,5c8a950061aa331153f4a172bbcbfd1b
229,6457c56b05950a5ec8d3e2f92a9a97b5
818,95d55b9d08b7baea1b125ca07b3bbc2b
84,253ff1e5988a073532d3298c206970de
1053,84e1fa2109d3c8b6a01f5f9d157ac9a6
1274,5c8a950061aa331153f4a172bbcbfd1b
1143,e19a5800872765e3f77c5fd2be6a7445
695,cd33ca600d7d64e28a31d38598095f21
288,9f53779719c5338a696afb8286d3a720
664,1709f60089245e2a79b9229fc478a6b9
1244,03df3218413f768b2b898c6516fa273b
889,b33f5aba1228255b25ca102d153ea0e4
567,58e78e1b34eb49a68c65b54815d1b158
639,5c8a950061aa331153f4a172bbcbfd1b
52,5c8a950061aa331153f4a172bbcbfd1b
1514,a46d847272c80c1bb62d9ae4be328b52
788,61ddfe4d08119f83a440c6f42f94c529
642,3a04ce99ba7bbc74a6c872bca81beb73
1344,1709f60089245e2a79b9229fc478a6b9
965,68234c52d5361260ee6f7a10b253b2d3
165,00f66b0393152d05c768568dde89eee9
1227,8c9f081a88f539969f3dff99d6e05e36
1105,1709f60089245e2a79b9229fc478a6b9
609,311f21150e762fec7c9b6cc5bbe3c353
1454,8a14f9d2ce24a55697e9dfdb1cf9ef1e
815,4f8166d09fb3437212e97d63448074e8
946,38fb66bb37fd3bad29a204232ca31d7a
360,0091d5adb6e12d45e60d8a14229b8cd5
1293,efe696e8565db308db573e4b5f987e28
1110,1709f60089245e2a79b9229fc478a6b9
83,cff0e4e88a12db250c427225d1a6639f
934,bcfcaa710ffce03db4491a8c6dc0c21c
471,1709f60089245e2a79b9229fc478a6b9
299,1709f60089245e2a79b9229fc478a6b9
527,abdfbfe6873d92256087fe180103a63c
328,1709f60089245e2a79b9229fc478a6b9
911,5054ecfd629e357e266ca22a1cf29632
975,b974c859b7bbe1c7a732d31855fac79b
321,7e0458e87a782ebd670a0bcacc7a13c9
492,ae49c1955d692610e73620febaa45ac3
1359,c0a8a20f903a4915b94db8de3ea63195
1530,0f8a4ba58e5e03b9da675e65cb933423
1154,7b0c9c3aa0b456d55d45a7567c44a5eb
885,98a48bec4f0045e8ec9a05be2944a366
73,33e43dbd71bb5460c9f3433a1ce12506
240,1709f60089245e2a79b9229fc478a6b9
580,2af527ceaf578034ffa86e965bdc560d
1030,1709f60089245e2a79b9229fc478a6b9
1334,e936f889844a62e6115c9bf757281583
96,5c8a950061aa331153f4a172bbcbfd1b
1100,034db19d3244db6cb3e55f0be6457feb
419,5c8a950061aa331153f4a172bbcbfd1b
1205,a49870057773980fa56082e90273b108
1415,0ef352396d67b7085b3b5b0256d1a087
1250,46fa72fa92c7ab7a2b50b0705dbfe19f
790,1709f60089245e2a79b9229fc478a6b9
1259,6ff6870281adc18f5a470632eda93ae0
549,3121c161c97f2f0208abfa9c12bb8bf8
1057,56bc20a2f077c2f1fed4c3b6aa216ae1
1013,8c9f081a88f539969f3dff99d6e05e36
1040,7e24af58073a5f064755e8833a37df30
80,47f4b4e574732448892ab2ad6fe8ece7
291,5c8a950061aa331153f4a172bbcbfd1b
1059,6a4a5107e9f9165bef86254dc403c124
392,1709f60089245e2a79b9229fc478a6b9
877,3113582433b26393faf7059d4f3b248a
748,d8159d620f7dcd47abdb1689e2ea707f
1011,6df334e0643f1307818440cf6a4736af
1237,17cf5076373ec7aa057da7bb05808137
1017,27531e0cabf26201cc395cd61626985f
167,77e331eb5372393510765e57d1f609ad
340,4292eb9a3cce0ea8d6666b72017da7bf
1241,ee630f64e0e8f7c329b5965b541452f2
1018,9d1d2eae44521454735b39ade541f31e
888,2b57fb9bda2d27db33403e70a0333886
117,5c8a950061aa331153f4a172bbcbfd1b
708,ae2eef10001274f70876c05ef7d13352
339,1709f60089245e2a79b9229fc478a6b9
624,765b711bc9e3bffd327f2cd020876bde
271,76c8011b2446085089c125c9ef40d1fd
123,b65d6c112033b9b18707d312e342827f
1396,28f1983836d7a362189b76bd346e41eb
1416,c0a8a20f903a4915b94db8de3ea63195
1223,8f2564c659ec52a009de50446448b064
1414,dac112e3ae35e16dca9c262c051780e6
413,49f013a5ccc769160eee8ae46b477c7b
628,d139d143c562f90d27ef72bb28ec2668
1235,4d76e64fcdad9cd5ece64b1a0cf7a33a
782,1e19b4e4c3498b56958edb6996c9117d
368,fcd1c2cc5589d82ddcea25b135b02717
1460,1709f60089245e2a79b9229fc478a6b9
1193,5c8a950061aa331153f4a172bbcbfd1b
215,5c8a950061aa331153f4a172bbcbfd1b
1467,1417b34e558936193ea440efe08546b4
430,3f1656643311061922b0192172587d9d
274,b338c2282e386398baab05f0ffaadcda
1349,a53aa878e052be484bf7de8e2015135a
920,bf9a0752141a0f946d134c3b25ffe38b
602,cf6b750a63585b91d4183cc66625faaf
31,03ec5229334c9704e0622727a7633976
1027,76e9cc74350fef0e847cce4307a2b577
1035,515a0616fc9695deb455a86b726904b2
926,7bbfbb0f520514f2f295b64282761736
589,d92c1505e658026ebb6ecca824618591
1097,c95cd163fe8e4164f0c36006fcbd7ddb
770,1709f60089245e2a79b9229fc478a6b9
573,397b80faa9c42cd791d7313a1ca05331
70,5c8a950061aa331153f4a172bbcbfd1b
990,634f1366884e37db2fc475d1781c7af1
128,1709f60089245e2a79b9229fc478a6b9
540,8c9f081a88f539969f3dff99d6e05e36
1428,1709f60089245e2a79b9229fc478a6b9
186,594675bdb9f7601546b6d4c9bc107de6
137,5c8a950061aa331153f4a172bbcbfd1b
344,1709f60089245e2a79b9229fc478a6b9
828,0ca21a73c8b5be1a9cd6b94f7f98e4da
323,9f53779719c5338a696afb8286d3a720
51,29566fd644c5009cdcaeec6d40f73c7a
531,4a2284d3435fc21acdc924084ff6048c
218,d4785ff4aad4d99c994302971f4c4819
355,ec59889383e88563de920ce8f433a0ca
1066,1709f60089245e2a79b9229fc478a6b9
194,e0a9c68b6c4203485be68f1e69c729c9
916,1a430a27c3bdddb2a7a2b0b2889bed6e
1330,abf24e8fb557a528b39546ee7850893f
275,1709f60089245e2a79b9229fc478a6b9
246,1709f60089245e2a79b9229fc478a6b9
391,7a907a97b106f616a9453e7a22c7643e
718,eba60807627d4afb11b3a252190112ee
394,5c8a950061aa331153f4a172bbcbfd1b
1045,e3aa1b718be84267759bb73b15a56ef4
374,6e8e4cd43c49b1b79d664d5bf793ba9c
765,6acf36a6c1503c5d46f26b3eb53e3aab
1360,c738bc744eb75828b547816bb03547bc
493,1dab2d230ec99fc167fc08b2b92b0961
1126,243a52a15d4d92b57f8efb3d998c1c16
298,8c9f081a88f539969f3dff99d6e05e36
921,d6ad2cb776a6b2f7e9112d4513df706f
837,baaafb5f1c0312d295f0ca0465ba5221
1450,85d6c7118a609a25670d7737c5cbbbe3
1135,3b80eaaee4e12e263939aa61f110468f
644,4cb861bc1661a2a165a777c21dead0e5
1308,5c8a950061aa331153f4a172bbcbfd1b
1034,58befd5fb5ad7dd88726572c82068a7f
1409,8c9f081a88f539969f3dff99d6e05e36
1455,1709f60089245e2a79b9229fc478a6b9
1513,56dde7dba8b21ab3cbdfe2cb37bc9110
919,ad8e3e89dfe5730aa68a8cbed4cfaabf
740,3f30626b8bdbdc8366257c053839456f
272,1709f60089245e2a79b9229fc478a6b9
707,1614049d4620cf245d73bf36693d501d
690,e376376f54cf20eb6d55d20c82e16bca
1024,77e38fd06297fa0a31e02f38d47e69f4
505,1709f60089245e2a79b9229fc478a6b9
1118,617e0817ecf6aa0838e92b6086479c05
825,cddda4d916c239cf6818afc60ed48d54
1005,b9b5b45a6c12cec1f363797f46a3fabe
40,f478c564bffeebb26c3ca89961900789
557,b72a8607c3bb641e5ede0a5beb5c5970
670,b14347066f43f54eeccd404fbc730164
1511,1a927d615f760ef90233ce4b152dfb3e
242,1709f60089245e2a79b9229fc478a6b9
336,5c8a950061aa331153f4a172bbcbfd1b
1058,1709f60089245e2a79b9229fc478a6b9
1200,6a03a36789a32b2b144a3983e75642b5
701,1e40a69c77585cd4c4a925350690e776
1372,c0e96512400cbf309355e5470d63e23d
786,28e585bdc153903d7b74053a025d1e47
820,4d043a673137cae57afb743041043820
1003,de52486dc5e0f5349c5cb7cd9d919f63
694,dd7ee9b741d5c386c922be67e8dca66e
1096,742d8666a15c0ebcb06d4745e227f2b7
175,5c8a950061aa331153f4a172bbcbfd1b
1202,5c8a950061aa331153f4a172bbcbfd1b
461,2549be3c1e196d7875bfd9d4f210d8a3
1121,07fee4059e6f1f53ac5f40c33fd5b395
132,a982375129ef4ebe3d2a21a2f5096705
1063,f66893a6f2cdd490a4c3b3a8ff26038d
24,c475185895049ebfffaf6abaf386528a
1457,b182287e379824fa3df48acbec65f6df
396,6234f530ffb77cc79e4130d405077fe2
525,1709f60089245e2a79b9229fc478a6b9
1501,1709f60089245e2a79b9229fc478a6b9
1447,bf668c5514caf43835e2bdfa109246eb
349,43749dcbc24af1f7998615a732d43a13
1247,5c8a950061aa331153f4a172bbcbfd1b
488,302a24dfd08e85826ee20575d08c2125
1313,7ec5d3339274cee5cb507a4e4d28e791
101,a30c38bbc0b12ff1c1188d4a9ba3b095
571,5c8a950061aa331153f4a172bbcbfd1b
833,039e5e1fac7a5765960ebd2ca29ff576
306,1709f60089245e2a79b9229fc478a6b9
276,1709f60089245e2a79b9229fc478a6b9
968,1709f60089245e2a79b9229fc478a6b9
1086,93d50d73d2379c26aafe24b897de330e
957,5087bc8f359c524572b2ecd22dd7256a
510,b17ab467b35bb4955dc32f73369cd0c8
1167,1709f60089245e2a79b9229fc478a6b9
999,d8c44812500be1d5bbb6de3305fd4dc6
393,b3cef0ca20b1cc782d977fb3aa52224f
296,1709f60089245e2a79b9229fc478a6b9
1442,b023f4742d9504008ddcf82529b6bbb2
844,cc45bbe62c883bbba667f5b58019c370
1230,3654ce0472f23648f96e64d1dd97523f
223,1709f60089245e2a79b9229fc478a6b9
845,1966467c0dc63d542b2204b5339c2f2b
634,b257532249f857e18e24e5626cc5e592
199,5c8a950061aa331153f4a172bbcbfd1b
495,e4e043b1adb93af151704cb385c2e75c
92,f51ae140e11904924a145c0d0a64f3ba
320,6457c56b05950a5ec8d3e2f92a9a97b5
747,e34257b784e97c81eb8e81f30e768815
56,5c8a950061aa331153f4a172bbcbfd1b
301,6457c56b05950a5ec8d3e2f92a9a97b5
63,55e3907ce381a3a57c89372a1da90d8d
267,c5dced8c1b5c57653665e0d0f1832c29
470,ad3338dac4c4e05065303081cdea6637
1321,cce8a24296f12ba75bbd86cc9887f1a0
187,5c8a950061aa331153f4a172bbcbfd1b
1385,65eebab4258868344414611738adef83
1406,059d8c3bb17dfd4c0569e214dea9811e
1468,46059146fefd5364f9dcd5c3b6978af4
1190,7029b8fdffb442f63d99e0ec123b8363
402,15c9fe3dfd45e9dd4a9422452de6dc7f
89,3764ab367f55ef0be225aafd29ff55d3
622,86d51467a5088b08ba76d4c63f243d94
776,125f4196dc611808879730f4bc61289a
604,4738796b72f037b6e9fab8e726604d3c
118,5c8a950061aa331153f4a172bbcbfd1b
469,dc8fe81e8188195510718b3a97d6c33f
846,1577e457abdedf3dde91b69e343d1240
710,cc573d631fc61b545444c4a8769869ad
1189,6be86f3ec6b016d3b35e9dc537d393b0
687,d3395e15f605bc35ab1bac6341a285e2
568,48306aee7d498320745f7deeca594ab5
235,5c8a950061aa331153f4a172bbcbfd1b
779,000d1e36243ad422488f838dcef1c3fb
1217,262d4db0f50c9727d10c7c4004e9e426
12,c0a8a20f903a4915b94db8de3ea63195
716,001db074f394564258c22f590d681017
401,8c9f081a88f539969f3dff99d6e05e36
1522,1709f60089245e2a79b9229fc478a6b9
988,3b7c282c205a3cc95fcd9bb6ddc92e5d
1074,37e22fb89617fdbfc8402e0689b36832
1087,fc9ffab6940dc6d39b0e5657d00a9616
112,213c39621d353c182866c5b96a2fa85c
1276,1709f60089245e2a79b9229fc478a6b9
1265,5c8a950061aa331153f4a172bbcbfd1b
1419,d343c8d453183b2e99ba53cea058ac76
47,1709f60089245e2a79b9229fc478a6b9
245,8c9f081a88f539969f3dff99d6e05e36
1114,29fa8a5ebefa30599203816449288c75
81,13070c8158e8fcc521cf17add46c93ac
1411,0ef64c0c9fe27075076a0affd079934c
95,cd90187a866666770cffcfa9bb19d7ff
793,5c8a950061aa331153f4a172bbcbfd1b
981,1a6bc93ec085161f3539053318dd1475
1158,03df3218413f768b2b898c6516fa273b
750,b93aeffa075eaa7a991c8994ea159c0c
65,5c8a950061aa331153f4a172bbcbfd1b
452,cbd482afc15ba3cf65bb201687cfa702
261,1709f60089245e2a79b9229fc478a6b9
1398,22bc36497b5b89b071fb0a7b767486ef
264,589fe4ec45b32dc8c416d5ee0f76201a
160,5c8a950061aa331153f4a172bbcbfd1b
551,d2547f7699d0d3edd6b44314203fb360
443,4fa540cb7396a27cca0bff30c1391b48
1076,a1345addef0852506e274241af5a6772
1242,03df3218413f768b2b898c6516fa273b
1375,68478aefea8bcfb19263de54fdc10458
730,1101da7ec87cc719cd2d46e61f55776d
847,ae1b3aa541dc19420b277238eceb2748
1420,dac112e3ae35e16dca9c262c051780e6
300,f9d9c36b9dfacf1475bd50b4164947cd
269,5c8a950061aa331153f4a172bbcbfd1b
415,f4bf943c429ce8ffe054411cee5710cb
1290,1709f60089245e2a79b9229fc478a6b9
591,3bf703f626ac69ef0cb64a9df5c5d44f
1323,9d32d7b27d9d71600a9273a358815cef
850,dde3c74b8d727474520d8188009ec434
370,7c5fd0057a3c3a37de5af21c4bc781db
337,1709f60089245e2a79b9229fc478a6b9
980,2bf62dffcfb271495e30f75005024404
209,1709f60089245e2a79b9229fc478a6b9
1094,a057c75519b55028ac12ad4e22fe80c2
923,d2547f7699d0d3edd6b44314203fb360
1267,112cb8aa0d4c27fc8314929b299fdaca
332,5c8a950061aa331153f4a172bbcbfd1b
1403,1709f60089245e2a79b9229fc478a6b9
876,6234f530ffb77cc79e4130d405077fe2
929,14a3c80dc6fe03041b92d370b84ea34a
498,022e39e50e77f287d4d96430cf9f4244
1256,a1b4954bb6000dcdcca146f945da303f
816,6573eccabbc4f3d0d410059c9513dedf
292,1709f60089245e2a79b9229fc478a6b9
1315,980a5af7fc0c213c997259ec4b84648c
1471,962b1f2442d6cde46f1549a7135a9aff
1050,bd4d52f54560ad0f7782ec287a10f07d
1408,e9e0ac12a38f591e93f20303313b3b98
251,1709f60089245e2a79b9229fc478a6b9
989,b831deef83510efc486419bd81bf1256
1133,c56e7bae3484c9b6750417fbf89d6509
1255,6ad53c5ff12abd652499dc9e4432226e
528,2eecdc0ba3da2c6c24ff8a5e8c32f7eb
696,c0a8a20f903a4915b94db8de3ea63195
203,a606f605fa0473703725b1edc13466ef
82,c7e108c6b5f73137d309652d65d4127e
1435,1709f60089245e2a79b9229fc478a6b9
1109,1709f60089245e2a79b9229fc478a6b9
483,a2a933c22b90f95e4be8d16b3f61d1e2
1404,69a10758a683532368929485c44958bf
830,d354988f315909c52e58258e4b4252f9
464,1709f60089245e2a79b9229fc478a6b9
26,1709f60089245e2a79b9229fc478a6b9
311,0de6132873ea62e9b775a076ade000a8
729,35529744c8917eec33045a0dcfd9530d
1145,1709f60089245e2a79b9229fc478a6b9
140,e604f137093c92fce4a6bbe923f03b55
106,fbbd149e732bcbea2b7f0007ee9d4cbc
1012,8b2a9698093c2e1d3231155962d06c37
310,a8361f298ee92a52d6ea7f93452b8da1
341,0761654510db39f296690456e473b61d
1029,8b2cfa068ef903b3139e286086be7b97
1423,8d3e19c54d3fb6b7ee03843326025e51
42,f440792e17ca0b9ba51064f0fa467cbd
231,1709f60089245e2a79b9229fc478a6b9
233,6457c56b05950a5ec8d3e2f92a9a97b5
798,83c6be21807f849f6843e21b9e2e2c50
1271,5c8a950061aa331153f4a172bbcbfd1b
1092,d9b4223966897bdb44ee0073d0c2f6eb
135,35349122439216e812dd800f048a076a
1529,4e9bd5e92bc31a7438b656a664277460
1515,daa37990f01c284a57990dacae4850b0
862,7ec5d3339274cee5cb507a4e4d28e791
1108,1709f60089245e2a79b9229fc478a6b9
1532,56dde7dba8b21ab3cbdfe2cb37bc9110
1137,c63a45756c84a5437db8d1a541c007d6
1089,58335d04b5504d69df1a355dd1eec1d5
594,bba43b25e18551110288997f25760429
1171,06e5a71c9839bd98760be56f629b24cc
0,c0a8a20f903a4915b94db8de3ea63195
1269,f71f425ef1f43851212c4186e5d9d743
631,c0a8a20f903a4915b94db8de3ea63195
1400,5c8a950061aa331153f4a172bbcbfd1b
711,3801f82ec92c429293f6af7862ec48e5
984,ac5fb9f689bcfd8e53f0528e500a2936
1095,93d317a9b127a4f3c7b08c8a0f8e05a4
767,8c9f081a88f539969f3dff99d6e05e36
1182,5c8a950061aa331153f4a172bbcbfd1b
1026,1709f60089245e2a79b9229fc478a6b9
1437,3cccd51dd1db80fa86f00dc33cd2091e
552,2888e1bcd635d26457fe8cb14e05cced
739,1709f60089245e2a79b9229fc478a6b9
447,1709f60089245e2a79b9229fc478a6b9
689,1709f60089245e2a79b9229fc478a6b9
103,130d201cb2b9191541b6c08900026d61
1212,e1eb366b60fb6274454423127fae3e15
547,ccfe1501a2316028047059142cef4e54
1102,1709f60089245e2a79b9229fc478a6b9
509,775d9e17f34996dda8f83e0097006642
333,5c8a950061aa331153f4a172bbcbfd1b
892,c3eda53ae69d864634ac196188ca06bd
1475,b970c28da4c9b91cfce37919a1cb69cc
1146,6b9e07ee602e3b69eb522c5df5088f01
451,8e1cf7668e979738658dea286a661b1f
350,7a630f6d40832dee028cbd02ba43d5e9
772,211d0cb977bcbd3e6a36d5722dfd32e1
1316,980a5af7fc0c213c997259ec4b84648c
1156,14477143ab38be05ad2a02354e6242dc
20,bb70e74cc06f53958dbeef6510996aa0
507,8c9f081a88f539969f3dff99d6e05e36
1069,8b144c3b062598bedf5efbcd4c2bd8c8
1044,040c4bb4b118531ceea20eec45836875
1155,c3bdba2eaf039ffe7109b1975aa184f6
158,7a3dca177758fe12cf092e87adf090b5
697,651a6bc8287044f22f799bb38bb73bb4
462,df5d560b1cf1929ef8b30ca7003173ba
603,141608e7d561ba85e3c4b9251fd63f5e
94,f940983fd664c9b426255f6f7064417d
45,87fd33948cd99f3ca4ee5f4d45ff7989
1065,11f8a5abf661f2e086943a97d529926b
1147,73fb415d23f36581867ed002254f239d
411,1709f60089245e2a79b9229fc478a6b9
944,5c8a950061aa331153f4a172bbcbfd1b
927,d8c44812500be1d5bbb6de3305fd4dc6
100,a982375129ef4ebe3d2a21a2f5096705
258,1709f60089245e2a79b9229fc478a6b9
1346,14f16ad6dec09948dd8d7b381d9943d5
1139,1709f60089245e2a79b9229fc478a6b9
606,1709f60089245e2a79b9229fc478a6b9
442,391a4251b935b03ebd7b7228a4892d90
421,1709f60089245e2a79b9229fc478a6b9
1448,6d497483576f8d3ed0fd53527e010155
1130,bb9963765b7d6569570067cf9832bcab
1251,5c8a950061aa331153f4a172bbcbfd1b
1283,5c8a950061aa331153f4a172bbcbfd1b
460,4c0d40a83388a206bc4501a4798f5c63
811,c76d885d9fe3b45902a35ca7a16775fb
879,f9c4565721691391431450c147abb80d
909,fcb874b3f68b5ebfeb5671c7aceb0bf3
1132,46f05b1d2a2da8e5b08cc28d07d6eb11
1302,5c8a950061aa331153f4a172bbcbfd1b
752,35f9b355aeda363a93934ab234b3adc0
482,1709f60089245e2a79b9229fc478a6b9
317,8c9f081a88f539969f3dff99d6e05e36
178,288fd339b4dd274d9159a087c177cf08
6,ed6ee7664efc1844fecb7886470e78e6
55,5c8a950061aa331153f4a172bbcbfd1b
409,5c8a950061aa331153f4a172bbcbfd1b
762,4ccbe4b40315dbb5146d79e633f03488
1180,30e44ff941d1b0efa444231959bb14b6
366,1709f60089245e2a79b9229fc478a6b9
665,089e9ffbfce5f166ddfb68095ac1fe83
951,58e78e1b34eb49a68c65b54815d1b158
1369,22bc36497b5b89b071fb0a7b767486ef
1425,54abf7066a03bddb650fbb1616e27bc5
771,e5de9ed77b72084991da3a025e356459
997,0f327f8a10c8e949df0d2277a0427bba
121,a948514aa0678387d3471f936acc46e6
1231,c56e7bae3484c9b6750417fbf89d6509
475,b3c153321e6b51b083a01afcfa8d2f09
433,5c8a950061aa331153f4a172bbcbfd1b
428,1709f60089245e2a79b9229fc478a6b9
1311,112cb8aa0d4c27fc8314929b299fdaca
1216,03df3218413f768b2b898c6516fa273b
577,275c5a3fd244ae5df4db338d94eadd70
283,1709f60089245e2a79b9229fc478a6b9
35,971245ef2bb1ffa4b810660424260820
149,1709f60089245e2a79b9229fc478a6b9
925,18d012b61f2a85c9e9de4e28953738c6
1090,1cfdc952999cc9d02ef300f8c6b15ba7
875,21292ecb1d6abdf990671e60340fd595
668,d139d143c562f90d27ef72bb28ec2668
1413,2465b97b1d04c954cac0124f0db8a132
1343,c4599871409a52417ac81cd4fa47f387
66,5c8a950061aa331153f4a172bbcbfd1b
906,19be828a2eaa9094dbc9e6e2eae50b76
1431,980a5af7fc0c213c997259ec4b84648c
615,8deba9bc029a9aa6ac179c458c0378e6
1224,d06910343eb167e6b1fa4c60a570b6d3
114,1709f60089245e2a79b9229fc478a6b9
59,ad6b86832ea0989f153fd9280609ef72
1219,4db4a5be3625df9370bb296f0e3ac86d
678,9b245296307d11dafa7875c637c73517
85,ade5a6a9646568240aa76bed26161c2d
378,cac06c714c62d1738bf3835fd61fbeae
1422,d343c8d453183b2e99ba53cea058ac76
107,1709f60089245e2a79b9229fc478a6b9
1491,aaecd3b73d11b428c3af123ec0d3bba8
720,6e4212c482444b095f175b23dc7cfd8a
824,cf01829de82a81a555d95b2884b24c31
1198,5c8a950061aa331153f4a172bbcbfd1b
1209,6bece10f3ffac8444455cc58d05b6752
514,1709f60089245e2a79b9229fc478a6b9
119,2feb948f8d6ea61407fa31f1a4fab398
453,edda83c339d6bb0eaa35efc341b8e622
1083,46c1f8b3a95d41b687fd359ddd4f5fa8
1386,8c9f081a88f539969f3dff99d6e05e36
90,5c8a950061aa331153f4a172bbcbfd1b
962,61adb4bfcae2ed7ed31ae89edfe5741d
1527,1ae886793a9226c4f6ce282a042f0225
599,2605384d8a234a04031f432f2426b399
632,58e78e1b34eb49a68c65b54815d1b158
1440,42768cd823ec7d4d35b58c8a5084cb3f
497,1709f60089245e2a79b9229fc478a6b9
787,1709f60089245e2a79b9229fc478a6b9
1037,c01c12d60cf827532235a171c547211d
309,087900a1009a3f70a8863511fb8bfd17
441,7af2dd952e159ea97c9e6ee5fe9bd054
753,1709f60089245e2a79b9229fc478a6b9
1351,23ae4cf2301434606f9a31db1feccc02
1185,3f30626b8bdbdc8366257c053839456f
972,1709f60089245e2a79b9229fc478a6b9
959,1709f60089245e2a79b9229fc478a6b9
545,3f30626b8bdbdc8366257c053839456f
1336,1709f60089245e2a79b9229fc478a6b9
907,131bd24ca793ab045f6a91a6c8a51d3f
511,b3cef0ca20b1cc782d977fb3aa52224f
854,ff0111fc36f7be9fdae2fe67025d3b63
494,c6e6513c846452aac9644ff11ff2b581
852,e9e0ac12a38f591e93f20303313b3b98
290,87fb7bc83be8d046d481510abd649b90
759,fb4220863c6bb976b41db7ecf41ff0d5
1056,18471e283e925cee73ff9993dfe2b265
1039,eb83d70e30988b56fd27623eecae63bf
654,f4260b9d5c5aefc0584b486910689d44
633,bca54a8cfcceb5e0ae45e9ef59366449
1085,dacaa34045949bfcf4ae9ec9c2dfb4f8
164,45b23b376e413d71fc5c248c5bccebb0
910,64ad361703b58dbae854d2e10376371a
472,58e78e1b34eb49a68c65b54815d1b158
248,1709f60089245e2a79b9229fc478a6b9
1260,1709f60089245e2a79b9229fc478a6b9
1061,bb5361e9e63bc408906ec838d1817eb3
524,9569308188e0e1149bbc7ce433e221ff
904,de469643db7ba804e93cb17bf319a32f
173,fed21573a81f426f7906eabc244e2bb6
1449,79efafddb71825d371233f4ac7e32d91
1333,a0fadde64bee2f28b9158d6790f59f96
206,b6be377cdd7a194161c2b534c3378b52
1486,1f44c62ccaa23a8cc361021a84d4bfd0
1473,1709f60089245e2a79b9229fc478a6b9
252,1709f60089245e2a79b9229fc478a6b9
408,fd7d51b02c55f751b77d142bb5df7d83
905,2fcb5a91cb5fb29f77cf5fe3a063aba0
485,072f9798da61e0e0048e13d290307923
1424,5c8a950061aa331153f4a172bbcbfd1b
992,525ce79d53249e89f440b606d7c5c20a
1041,73aca2389fda67069001e740cf650328
48,8c9f081a88f539969f3dff99d6e05e36
590,f382963e6df0b452ab3259042414ad81
880,ba5c428fe0480bbc929071273517cd16
1188,1709f60089245e2a79b9229fc478a6b9
1215,ca193a51e2c7212a3589edda299202e9
978,ee5690be8da127cbad980a83f225e004
731,e3030a1d9d4e2bff3c54aaf6164a0a30
454,2f4fc8755c62fcc5b67f869d646ad6d1
627,b4e7178afa3b1f4711b64b39ec3eac0a
600,be9a5702ee72c6dd24533d5c43c9f83e
170,8bc53c435c484ea08ce4c8c0f7fde171
273,8c9f081a88f539969f3dff99d6e05e36
147,a982375129ef4ebe3d2a21a2f5096705
1382,1709f60089245e2a79b9229fc478a6b9
237,98595685295ca91dc3e31cc877d7b90a
74,bb70e74cc06f53958dbeef6510996aa0
843,a34a1396623b455d04b9bf370256a2f2
733,58e78e1b34eb49a68c65b54815d1b158
1284,e4c1d08919ddbaaa012db220cb60ed28
141,a5a129f392088fe381cde4d1d5d5c99a
1306,25e1ebcde9103c3c679e4253f90a09e3
814,937df7f2a91d200682e9859e7b94d95d
578,320a66f0a1ee87eb5561767edc8c0ffa
939,5c8a950061aa331153f4a172bbcbfd1b
1490,061cb18d6c6431d77517b3a0bc5fcbf1
819,c0a8a20f903a4915b94db8de3ea63195
508,1709f60089245e2a79b9229fc478a6b9
563,1709f60089245e2a79b9229fc478a6b9
1199,aba9cdc96c49f4e4e8eba1b557fcd037
1401,85d6c7118a609a25670d7737c5cbbbe3
953,695b312e91248fd3d9de2f9e8b3c2ee5
1342,24b7bdacae33a0608c1abeddf7e0f29e
466,f87bb8693cf62eb969d3a5e4f2051eca
159,1709f60089245e2a79b9229fc478a6b9
9,5c8a950061aa331153f4a172bbcbfd1b
1379,ea1fa36eb048f89cc9b6b045a2a731d2
721,afe32b366ab7ad0998f20827c6746ae8
1239,41f8b802e4b893162a66b18439b87ac3
915,7402998acd1f8deeeaaa33f6f22f1c1e
424,1da12b14084b6931747b473f67ce89c9
1426,765b7c5bc21a5d2a39639b74d2f9010c
848,1709f60089245e2a79b9229fc478a6b9
197,5c8a950061aa331153f4a172bbcbfd1b
1318,acf5d8702a4ab83f99ef5516d7152fec
46,b8cca67b6fcb505418c69418ff8b25c1
354,5cd9541ea58b401f115b751e79eabbff
474,5c8a950061aa331153f4a172bbcbfd1b
986,8221ed4b117e4f73430d66d696bfff8c
1412,d51d8bb6fd4f475ffd4c57737e785d21
562,c0a8a20f903a4915b94db8de3ea63195
1291,5c8a950061aa331153f4a172bbcbfd1b
61,5c8a950061aa331153f4a172bbcbfd1b
1492,6bc87aa02321b9acdad13723c0248e7c
414,0091d5adb6e12d45e60d8a14229b8cd5
1262,6be86f3ec6b016d3b35e9dc537d393b0
914,7dd8c67ddafbc7f8f9951a958016c8d4
669,4155a15e03117fdbc5c00187d4cdfdaf
1378,d51a9c63653c7bfc855bca5c521b07de
775,423088e4028f7caf1af10cc2fb05835b
8,113c66ad80d34cec5d8a9602d3f502d2
956,331bbc4e6c23e8293b44d3adb7aa189a
22,1709f60089245e2a79b9229fc478a6b9
1410,608620345ddf4613be80928d2180e5de
1417,fa6a7118689be2716ee2c3c6ef2953ea
77,38590e41e7f4da2a134ba94a65da7ed0
445,1709f60089245e2a79b9229fc478a6b9
546,b14347066f43f54eeccd404fbc730164
108,b6a84a2d6b97e2ecfd72dbd5933d8391
1232,7b72fdafa62baef26fe85d9c8e3567ab
1117,4964151f51b78d82bea9671be401fcbc
1463,39c2660a2c7807893fabbc5d592e53a8
71,2966858d8b9c68e75cc56a156f267aef
1524,daa37990f01c284a57990dacae4850b0
805,d3dce83c7b28bd16d129bfa3bcab030a
1203,5c8a950061aa331153f4a172bbcbfd1b
969,5c8a950061aa331153f4a172bbcbfd1b
1047,be47a22a4be86b69ececae91ca5c4ca4
182,5c8a950061aa331153f4a172bbcbfd1b
936,d41b9860f1acbd6f6ab277c4876185bf
1485,8c9f081a88f539969f3dff99d6e05e36
230,b12df170148072e7af308e0b3bb7f178
937,e2aaacd4e6740ed84e57a9c2d7ce1b8f
217,bd373d3229d34dc73814651a82add6dc
595,437d7968269a245953d200ca628df716
583,21c2262a17b9bdeccc0dbc716c9d2e65
649,c65314b32db2cf27227fd5832d753cca
4,1709f60089245e2a79b9229fc478a6b9
768,ace910284a9b4d9b877cf9f8e4fd9770
894,79b725f73c70fe7e0af7172856c5c529
1166,1709f60089245e2a79b9229fc478a6b9
7,7d3de3e918dfc972b7fc579f76e20ead
588,1e9eef22eca3c7724d48d6e38ce21d9d
1043,4db5d029db881b9b63be1951a50e2721
1009,05102377c8218118bdef3a66bbe28086
874,cfff48f94585c1ce9e48bfc7a50b1671
1233,be019ea2c166ac225ab0da76033b8f41
807,ae55de3175cc079c592b0aa001703e11
935,ea1fa36eb048f89cc9b6b045a2a731d2
1071,0c312d846a751377ee694c3492eb0f77
183,ea1fa36eb048f89cc9b6b045a2a731d2
1531,a1bae86cd04794759b85383d710d9f97
683,b14347066f43f54eeccd404fbc730164
32,1709f60089245e2a79b9229fc478a6b9
1508,5c8a950061aa331153f4a172bbcbfd1b
367,1709f60089245e2a79b9229fc478a6b9
104,d5394f98e1211960644f27d26df54bf1
1500,1709f60089245e2a79b9229fc478a6b9
860,1709f60089245e2a79b9229fc478a6b9
257,1709f60089245e2a79b9229fc478a6b9
737,64730f73b3c57667f1a2d09d5980a5fc
1159,03df3218413f768b2b898c6516fa273b
1077,76dff528f9e1a9b4c9b6c105bf2a269c
1484,8c9f081a88f539969f3dff99d6e05e36
835,906568a405a3eed53b7c3bac4afae412
895,d564f3a070adee3d13f080c3416f82d1
534,d139d143c562f90d27ef72bb28ec2668
1038,75c8333763210b59bf75fd739a9bb175
200,1709f60089245e2a79b9229fc478a6b9
542,fd495ba251a5a95b4b612e19d18320c7
890,5c8a950061aa331153f4a172bbcbfd1b
648,423b18a2149062d35ad4e7e11b02f81b
1388,9eeeeb2a17d082dba33cccdf6ea3336d
481,cc6335317b41cb7887398e835172cb90
535,56c9a7f5c11d26fc1bbcb1bdfb00cfd2
1340,009f79f65a47d4f2552d1fc93584f731
1148,b09df368f2db03dca8e13e2fd12ab7e3
1287,5c8a950061aa331153f4a172bbcbfd1b
372,c0a8a20f903a4915b94db8de3ea63195
1210,e8f71d2e37058be8b064d4bbe221f7f4
259,5c8a950061aa331153f4a172bbcbfd1b
476,6efa35a488352c9ce2c33aa6c471843b
303,1709f60089245e2a79b9229fc478a6b9
43,6aa64d659c740ba0a26a49139b16028c
530,33f6b1e1ae6da2c418a37ba53b4498e7
109,5c8a950061aa331153f4a172bbcbfd1b
161,c26d0d54038a988ee293bc2bab3c7945
315,1709f60089245e2a79b9229fc478a6b9
410,3bb506d73c56b306e19aef07ae5db5c6
1052,c01c12d60cf827532235a171c547211d
468,1709f60089245e2a79b9229fc478a6b9
1494,8c9f081a88f539969f3dff99d6e05e36
280,1709f60089245e2a79b9229fc478a6b9
1512,09b8c9a23547c880768e67d035580d35
1277,3ca7b8cb679b1bf0b52db9d3d9e4c274
1429,1709f60089245e2a79b9229fc478a6b9
901,e2ed3dfd929fc0be78dbe8dbe4696f76
279,9f53779719c5338a696afb8286d3a720
1099,5c964ddc327db2b04098a201de88293b
351,19d91d40efedaee7fe88428c5f507b13
1164,5c8a950061aa331153f4a172bbcbfd1b
1272,b417e76b0dd702c5c3cd107844552e3e
1151,5c8a950061aa331153f4a172bbcbfd1b
1427,d343c8d453183b2e99ba53cea058ac76
1019,04eaddbbd9ab3a63321e93cbf762e2e4
416,8c9f081a88f539969f3dff99d6e05e36
806,57723b322dd52c41df2b0f19574167b0
1474,1709f60089245e2a79b9229fc478a6b9
698,779c5f00e5899ed4db62480f6d01f5a1
1246,112cb8aa0d4c27fc8314929b299fdaca
827,cda0ea6508df5f9ae411b057dc48197f
58,f226b81bea9b386809ddf511fb6e763d
869,a7e5efc95272fea2e4b807cbf1df78a4
757,455cc706c3c1ec94072f2c19be09b75e
1187,04a82e18eaa8ed972eec10cb6c68680f
1104,1709f60089245e2a79b9229fc478a6b9
125,991816d90f27b57b6f63d8766a143c05
227,5c8a950061aa331153f4a172bbcbfd1b
398,8c9f081a88f539969f3dff99d6e05e36
1036,3538012b1726940340d825afd16bbbf0
1326,58e78e1b34eb49a68c65b54815d1b158
138,f0d6c57f20da18a786a1629fd60f7cb9
544,4651db4891ffe233430a00f8434cc9d0
983,1709f60089245e2a79b9229fc478a6b9
168,8c9f081a88f539969f3dff99d6e05e36
180,1709f60089245e2a79b9229fc478a6b9
596,06813e888f4ed2bbee605f9b322d9f3c
487,5c8a950061aa331153f4a172bbcbfd1b
538,b25b9193aecadbcc007f11ed60d22f56
1381,cfe59c6055d909b4501758f002a7c22b
645,5c8a950061aa331153f4a172bbcbfd1b
537,84bc2cd56ea82532aaddc395a24b9a11
666,7ec5d3339274cee5cb507a4e4d28e791
1208,1709f60089245e2a79b9229fc478a6b9
1479,37790a7c4b397d8e7dd9336f35c940e0
1399,980a5af7fc0c213c997259ec4b84648c
131,1709f60089245e2a79b9229fc478a6b9
713,6ab63f71a8da9fb1c890f7a90428bdb0
120,1709f60089245e2a79b9229fc478a6b9
866,1709f60089245e2a79b9229fc478a6b9
998,5c8a950061aa331153f4a172bbcbfd1b
1285,87bdd87abed04711cbfd8733029e347c
808,b0237b8aba1556b57bbaf599c4f581df
777,cddda4d916c239cf6818afc60ed48d54
1487,1709f60089245e2a79b9229fc478a6b9
1300,4477de8c9cba6377cb30bfee5c5edb47
1521,5c1604c6b764a75887b7e1698a7fe58a
1093,ee642301b5e0e2e00ae1c4c06c29fc70
723,a90d643c1e771a6fc2fee24b77490f56
403,8914fc310834adcafe9eb024e36b4b23
635,1fc4b5db089269ea227402ef9ea18691
429,1709f60089245e2a79b9229fc478a6b9
823,44ea6cd9972d06e582472579f5405b0f
44,1709f60089245e2a79b9229fc478a6b9
189,ee98b12260a09d02447b408a4311cc4c
1002,79b725f73c70fe7e0af7172856c5c529
1357,2b58facf267164a49bfbda77d7ac8cc4
529,1709f60089245e2a79b9229fc478a6b9
908,259e22211e83ba85de20d9f9b3d96203
902,16c1f73917f978c98792fd01ef9b70e4
504,e19a5800872765e3f77c5fd2be6a7445
144,262d4db0f50c9727d10c7c4004e9e426
431,1709f60089245e2a79b9229fc478a6b9
253,1709f60089245e2a79b9229fc478a6b9
1163,8c9f081a88f539969f3dff99d6e05e36
832,be99cbaceb58a5aef1b7da662433f5ab
851,263fbd391f57ee2e70114d919a11fb6e
865,1db3c3b050f42e6d41bc374024d59de1
1498,8c9f081a88f539969f3dff99d6e05e36
204,5c8a950061aa331153f4a172bbcbfd1b
849,f742efd0876f73f93b26ce98c2c9a67f
379,33251fe0ea9aa5f7978a7fd516a756ea
21,4ee8fff4d5c77018805d334c36df9d91
1504,8c9f081a88f539969f3dff99d6e05e36
1,1709f60089245e2a79b9229fc478a6b9
172,5c8a950061aa331153f4a172bbcbfd1b
143,1709f60089245e2a79b9229fc478a6b9
76,1709f60089245e2a79b9229fc478a6b9
294,1709f60089245e2a79b9229fc478a6b9
496,5c8a950061aa331153f4a172bbcbfd1b
1214,33248e487bba71d5cf83fda690772fe2
884,c411a0e232c032057ad7bd75ab78af72
676,852bc05168fa831b564c48fd83de9560
671,cf3ab70a0d5fbbb234656d11deb83b17
1480,1709f60089245e2a79b9229fc478a6b9
1144,4504c61f140e66220af15b053a1482f3
1122,44c165174367dce7590288b40dac2a6f
214,1709f60089245e2a79b9229fc478a6b9
1042,e96b1abd84371919ed42ac4e769ae074
653,b3eccb8e36e678daa0639c86426165d3
86,1709f60089245e2a79b9229fc478a6b9
1328,2c3efd89d5cc392eaebf4b2f217c8c9c
1452,8c9f081a88f539969f3dff99d6e05e36
706,a70a3db56292f489c421beb80d3795a2
1353,60d647b965c1933d0002fd036e47aa7a
1008,1caccd60bf488386a7d9291d0b85eadc
659,c0a8a20f903a4915b94db8de3ea63195
1078,3093223dbaa3d4c796792e0cf4b1b5db
361,5c8a950061aa331153f4a172bbcbfd1b
1101,51fc08189ddc429276b3b53073167575
353,99fde26015ddea066f237514303fb49e
130,5c8a950061aa331153f4a172bbcbfd1b
1286,42c28189cbf256b44ef0ba4b9180df80
700,76c90530ca382da6e44be761f8a40d1a
1220,1709f60089245e2a79b9229fc478a6b9
1363,19aa399d5dee33e2c66478f7cb111c48
1070,4e78b3e9cbdec90b509cdfb4dfd2d87e
1007,921043ebbaa9ab69c1b0bafec700d3a5
979,56b4ea9006fe1b8088fcc7b4c20bf32b
1178,1709f60089245e2a79b9229fc478a6b9
1032,8182b07059c6c2479bd67df1d21c1662
725,67fe86ae1b2e6b6524b9011ce6062d8a
196,5c8a950061aa331153f4a172bbcbfd1b
1257,5c8a950061aa331153f4a172bbcbfd1b
543,93d434661371fd077c2a114f1b40b39e
800,43b12a7a0bd2c5ce1c619834314838c5
345,7c2f7ff80d770db75518ea3860b42cd0
265,82a58289c61f0507e813050889c95907
868,d1359d7aa4d6cc16bd605e022888ee4c
426,1fde5375e0f490fa764709437d9e3266
778,fbcd41b87fb83d9d6bbae9b09b2d4499
446,8c9f081a88f539969f3dff99d6e05e36
727,efdffb33b4e34ded5715d22dd3d1969e
1362,5c8a950061aa331153f4a172bbcbfd1b
829,d6a62a5394c12d2aee282584cfb837b0
1075,1709f60089245e2a79b9229fc478a6b9
958,626b827537420e99603df3388e089a6c
732,56978b7fda0a96ec9193941f8d61d77b
592,70a11b3695f0fa3f431088b82372c0e8
1520,609ad107bf3dcb45499169d2643ca16e
754,9c255689473538ba8f5c496766308642
766,223c8d364a054e6fe9dd04ca5056a9c7
1016,c7176d9ae7f49e715840c23b98e109e9
322,f83d98b841fba8d65ffbb4e72d73c7bb
891,11ca9bc2c97bc1e9906f9e13857f31b4
477,32d53863d326d641f0a4faa95752fbc3
691,1709f60089245e2a79b9229fc478a6b9
1477,ebf0dd7fe21f0fccbfa7bef663158458
436,a76d0c38f4620360238ea3ee997aeccb
662,54abf7066a03bddb650fbb1616e27bc5
1310,8c9f081a88f539969f3dff99d6e05e36
179,262d4db0f50c9727d10c7c4004e9e426
473,5c8a950061aa331153f4a172bbcbfd1b
308,5c8a950061aa331153f4a172bbcbfd1b
704,1c33512cb65cfbf06c58b549213d7f47
896,3d2cd5907fefece5d918dd772f3bef6e
1051,a17e2395324cdebd32fbc84adfdf684c
27,e6d2aab7d8755cd049694ae0f6ab8c35
526,ae9efb7483f24954695452618c12690c
1270,7feae08845081819c47bd0a94f8b3246
751,d7d81ff7dddf2c0c0ebffe61b4dc2711
619,2661bb465a3f17038b9eec745f968992
371,e19a5800872765e3f77c5fd2be6a7445
1046,087a8f04d528c03eec8845b5b282223b
1476,8c9f081a88f539969f3dff99d6e05e36
1339,c4f409f1abb5dae84a548bb32e9d8d80
69,1709f60089245e2a79b9229fc478a6b9
449,1709f60089245e2a79b9229fc478a6b9
797,a2b1e55a065380becafb87b64355d582
151,1709f60089245e2a79b9229fc478a6b9
741,86d3f1fed75a000afb734fa7fbf85b49
369,0762586f9d173bd2464da99aeefb9e36
1325,e745dbc111f1ab5d22496c26a03eae24
88,f110fdfc13e76e38a7459339d5fee11d
1021,8ed1ea7b46d0c320ecc8f27db433c69d
924,1709f60089245e2a79b9229fc478a6b9
1443,33daa638dd604b58158852377c877ced
651,1031fa171390e35c7a309dfd2ee3434d
105,3801f82ec92c429293f6af7862ec48e5
640,8c9f081a88f539969f3dff99d6e05e36
952,f6155a22bac015c6401a4b718cf83d11
423,057bc176367e3e49e54b7fc03b63a56c
955,47145212d7c6f0c913aeafcc5867639a
375,0ff38de79146d1fed946f326446fe75c
1317,980a5af7fc0c213c997259ec4b84648c
115,8c9f081a88f539969f3dff99d6e05e36
1503,588ebf0d580d404cadba8f10099bd75a
1312,cbc77626942136d4af2348d5a8ce4aae
882,1709f60089245e2a79b9229fc478a6b9
1510,8c9f081a88f539969f3dff99d6e05e36
760,2f3c4ef635b71c74c656fead36c26306
243,1709f60089245e2a79b9229fc478a6b9
881,e2795f7167a217424df025a38d9ab7ea
693,bb9fd77684530503f3765280b54c2413
335,5c8a950061aa331153f4a172bbcbfd1b
1496,1709f60089245e2a79b9229fc478a6b9
99,262d4db0f50c9727d10c7c4004e9e426
389,69832b035b0e9384b42402e2a84ca8c8
872,1709f60089245e2a79b9229fc478a6b9
1248,d3395e15f605bc35ab1bac6341a285e2
195,6457c56b05950a5ec8d3e2f92a9a97b5
331,5c8a950061aa331153f4a172bbcbfd1b
1243,8c9f081a88f539969f3dff99d6e05e36
963,5c8a950061aa331153f4a172bbcbfd1b
232,1709f60089245e2a79b9229fc478a6b9
1207,16990e94c3563a9fdbc88242e6f78d05
312,1709f60089245e2a79b9229fc478a6b9
960,276b2b06c43d0ee83022abdaf77912da
1370,4e3f6aa0421464aef96716a4944862b1
434,5c8a950061aa331153f4a172bbcbfd1b
78,924e23accd4ca01ed62afe0412aa9c31
191,5c8a950061aa331153f4a172bbcbfd1b
769,dd5c03d6b653dc2bb4415ac2abda713c
840,7105063f407c04b668dab0e2aa1773f9
207,1709f60089245e2a79b9229fc478a6b9
1279,eec5e245dcd482f3a4be22ca0ecddf74
867,898be47292fc0158703c3903df006321
724,49e0a1a4f67a920825883cd420e77333
1470,5c8a950061aa331153f4a172bbcbfd1b
566,29a9bc5f85752562afaf0713ac96d934
1314,1709f60089245e2a79b9229fc478a6b9
406,00f20e8a23531a610bfa1e8231ce1c17
11,07f8f656bbee422c4fa12fb3ed33a27c
1134,1709f60089245e2a79b9229fc478a6b9
565,1709f60089245e2a79b9229fc478a6b9
1294,1ecf7a359924bfb77f45aac3f276189d
448,dc9dbcfa5c8e2c2a19658dc23c2c27ff
1213,cf3c17c3bbc49926a9fea8a357e32190
1268,4f88d115ac1c7c7534c10b7c465b71ee
281,1709f60089245e2a79b9229fc478a6b9
714,7ada79ca82fdded1e7f9f22ad5e2acce
1062,890245ba2810567d82b37461d3a24f1d
836,ea1fa36eb048f89cc9b6b045a2a731d2
489,04a19fd4b450cc254da9771a2e33fb05
873,579d211f21dd2a12e6e8ee2c76e0fda1
663,17bac6d51d2d984d4a4a244aa67c334f
376,4f17e128ca18323c9b170a32cacca9f9
1361,8c9f081a88f539969f3dff99d6e05e36
1123,a17e2395324cdebd32fbc84adfdf684c
620,1709f60089245e2a79b9229fc478a6b9
16,5c8a950061aa331153f4a172bbcbfd1b
1436,cafb39fd4f904688b1c782845962f915
1113,1709f60089245e2a79b9229fc478a6b9
385,59e233d001e27681dc67a9e68b6db685
381,78c9b3bab53e462d59c56e563bd24539
801,938768ec0c3e32a13e96f26810f4d58f
643,dd7912e42ce7307a12488cebd627be9c
789,2c90806458aabff4c35451541793bf3f
457,83e96e5f75f39a94f543cd572b54b8f2
1495,1709f60089245e2a79b9229fc478a6b9
50,5f91a1a3407965b6db420b43a02d60d9
931,460ac3b3224b02a9db87f562c995a3fe
673,06dccb9c3b71041b94dbcf4e04c524d2
616,b14347066f43f54eeccd404fbc730164
773,3e15a9f3c1fc9c36322693dc57f9e8e6
1478,fedaaa7b9e10993479ad3ef5ec224949
1421,5c8a950061aa331153f4a172bbcbfd1b
715,8c9f081a88f539969f3dff99d6e05e36
1533,1709f60089245e2a79b9229fc478a6b9
532,c0989965d606c8e3c3ceff44a0eb83cc
1261,112cb8aa0d4c27fc8314929b299fdaca
559,9df5762a847cceeae12d6d8b77641325
1374,1fc4b5db089269ea227402ef9ea18691
641,5c8a950061aa331153f4a172bbcbfd1b
1152,5c8a950061aa331153f4a172bbcbfd1b
1170,216fd626860a3e72a4e9f0f82f415e54
1347,4a7271d29e51831d35fff544c62d4c2f
1390,5d5d0b286b72ffe3273c1003a2a0b271
64,af04bec4d35e0ce167042488cb552af5
465,09faf95c973a763765b2df2c9676467a
1464,bd4ab893a85c6dfbfac7d393c7f990c6
1263,1ecf7a359924bfb77f45aac3f276189d
98,1709f60089245e2a79b9229fc478a6b9
1173,6bece10f3ffac8444455cc58d05b6752
380,a1ff4bba790e8aab1eda44dea8c2df04
364,6fe8c8bd6239eed905063abefbac24ae
263,8c9f081a88f539969f3dff99d6e05e36
795,5b4ec30c09ef0f7eca3753c7f722b654
1461,7a9191174217b243f593bc2233fd76de
1281,c276bb62b8ec7f3e4c1c0a99ebf6c5a2
947,ce9a05dd6ec76c6a6d171b0c055f3127
1275,5c8a950061aa331153f4a172bbcbfd1b
1258,5c8a950061aa331153f4a172bbcbfd1b
1355,10dc10ab2bad2fd2a6cac80654fff252
97,1709f60089245e2a79b9229fc478a6b9
611,1709f60089245e2a79b9229fc478a6b9
192,1709f60089245e2a79b9229fc478a6b9
156,1395d15bf750fb9e4c72c66cc2d1518e
116,35349122439216e812dd800f048a076a
515,1709f60089245e2a79b9229fc478a6b9
1218,5c8a950061aa331153f4a172bbcbfd1b
1526,1709f60089245e2a79b9229fc478a6b9
174,e38105868eba3781829fa04e214ef124
1014,9b6c596f892f8baa30890ba784057df7
133,b051775a2f11a39f7068345eb4086449
1348,c0a8a20f903a4915b94db8de3ea63195
126,262d4db0f50c9727d10c7c4004e9e426
260,5c8a950061aa331153f4a172bbcbfd1b
987,6cb031cc9ede8555208f85fa6897a82f
1054,e3aa1b718be84267759bb73b15a56ef4
1073,becc1c19f4c30e450a96a996a09c0866
